TEAM,G,W,L,D,OPS,RISP,ERA,WHIP,FPCT,SB%,CS%
KT,136,83,49,4,0.772,0.305,4.28,1.4,0.983,61.1,22.5
삼성,135,80,52,3,0.785,0.298,4.21,1.37,0.984,77.2,26.4
LG,135,75,59,1,0.755,0.28,4.84,1.47,0.983,68.9,21.6
KIA,134,72,60,2,0.783,0.276,4.27,1.4,0.981,83.0,17.9
두산,137,69,63,5,0.73,0.277,3.82,1.34,0.98,79.7,22.6
NC,136,62,72,2,0.752,0.273,4.71,1.48,0.979,72.5,28.6
롯데,135,61,72,2,0.736,0.286,4.76,1.48,0.979,80.8,27.8
SSG,136,60,71,5,0.736,0.276,5.15,1.52,0.984,74.4,28.4
한화,137,55,78,4,0.777,0.27,5.28,1.56,0.979,73.0,34.7
키움,139,47,88,4,0.68,0.23,5.3,1.56,0.981,75.9,32.0
