DATE,RANK,TEAM,G,W,L,D,WPCT
2026-03-28,1,한화,1,1,0,0,1.0
2026-03-28,1,SSG,1,1,0,0,1.0
2026-03-28,1,NC,1,1,0,0,1.0
2026-03-28,1,KT,1,1,0,0,1.0
2026-03-28,1,롯데,1,1,0,0,1.0
2026-03-28,6,LG,1,0,1,0,0.0
2026-03-28,6,삼성,1,0,1,0,0.0
2026-03-28,6,KIA,1,0,1,0,0.0
2026-03-28,6,두산,1,0,1,0,0.0
2026-03-28,6,키움,1,0,1,0,0.0
2026-03-29,1,한화,2,2,0,0,1.0
2026-03-29,1,SSG,2,2,0,0,1.0
2026-03-29,1,KT,2,2,0,0,1.0
2026-03-29,1,롯데,2,2,0,0,1.0
2026-03-29,5,NC,2,1,1,0,0.5
2026-03-29,5,두산,2,1,1,0,0.5
2026-03-29,7,LG,2,0,2,0,0.0
2026-03-29,7,삼성,2,0,2,0,0.0
2026-03-29,7,KIA,2,0,2,0,0.0
2026-03-29,7,키움,2,0,2,0,0.0
2026-03-30,1,한화,2,2,0,0,1.0
2026-03-30,1,SSG,2,2,0,0,1.0
2026-03-30,1,KT,2,2,0,0,1.0
2026-03-30,1,롯데,2,2,0,0,1.0
2026-03-30,5,NC,2,1,1,0,0.5
2026-03-30,5,두산,2,1,1,0,0.5
2026-03-30,7,LG,2,0,2,0,0.0
2026-03-30,7,삼성,2,0,2,0,0.0
2026-03-30,7,KIA,2,0,2,0,0.0
2026-03-30,7,키움,2,0,2,0,0.0
2026-03-31,1,SSG,3,3,0,0,1.0
2026-03-31,1,KT,3,3,0,0,1.0
2026-03-31,3,한화,3,2,1,0,0.667
2026-03-31,3,NC,3,2,1,0,0.667
2026-03-31,3,롯데,3,2,1,0,0.667
2026-03-31,6,두산,3,1,1,1,0.5
2026-03-31,7,KIA,3,1,2,0,0.333
2026-03-31,8,LG,3,0,3,0,0.0
2026-03-31,8,삼성,3,0,2,1,0.0
2026-03-31,8,키움,3,0,3,0,0.0
2026-04-01,1,KT,4,4,0,0,1.0
2026-04-01,2,SSG,4,3,1,0,0.75
2026-04-01,2,NC,4,3,1,0,0.75
2026-04-01,4,한화,4,2,2,0,0.5
2026-04-01,4,롯데,4,2,2,0,0.5
2026-04-01,6,삼성,4,1,2,1,0.333
2026-04-01,6,두산,4,1,2,1,0.333
2026-04-01,8,LG,4,1,3,0,0.25
2026-04-01,8,KIA,4,1,3,0,0.25
2026-04-01,8,키움,4,1,3,0,0.25
2026-04-02,1,KT,5,5,0,0,1.0
2026-04-02,2,SSG,5,4,1,0,0.8
2026-04-02,2,NC,5,4,1,0,0.8
2026-04-02,4,삼성,5,2,2,1,0.5
2026-04-02,5,LG,5,2,3,0,0.4
2026-04-02,5,한화,5,2,3,0,0.4
2026-04-02,5,롯데,5,2,3,0,0.4
2026-04-02,8,두산,5,1,3,1,0.25
2026-04-02,9,KIA,5,1,4,0,0.2
2026-04-02,9,키움,5,1,4,0,0.2
2026-04-03,1,SSG,6,5,1,0,0.833
2026-04-03,1,NC,6,5,1,0,0.833
2026-04-03,1,KT,6,5,1,0,0.833
2026-04-03,4,삼성,6,3,2,1,0.6
2026-04-03,5,한화,6,3,3,0,0.5
2026-04-03,6,LG,6,2,4,0,0.333
2026-04-03,6,롯데,6,2,4,0,0.333
2026-04-03,6,키움,6,2,4,0,0.333
2026-04-03,9,두산,6,1,4,1,0.2
2026-04-03,10,KIA,6,1,5,0,0.167
2026-04-04,1,SSG,7,6,1,0,0.857
2026-04-04,1,NC,7,6,1,0,0.857
2026-04-04,3,KT,7,5,2,0,0.714
2026-04-04,4,삼성,7,4,2,1,0.667
2026-04-04,5,한화,7,4,3,0,0.571
2026-04-04,6,LG,7,3,4,0,0.429
2026-04-04,7,롯데,7,2,5,0,0.286
2026-04-04,7,키움,7,2,5,0,0.286
2026-04-04,9,두산,7,1,5,1,0.167
2026-04-04,10,KIA,7,1,6,0,0.143
2026-04-05,1,SSG,8,7,1,0,0.875
2026-04-05,2,NC,8,6,2,0,0.75
2026-04-05,2,KT,8,6,2,0,0.75
2026-04-05,4,삼성,8,4,3,1,0.571
2026-04-05,5,LG,8,4,4,0,0.5
2026-04-05,5,한화,8,4,4,0,0.5
2026-04-05,7,두산,8,2,5,1,0.286
2026-04-05,8,롯데,8,2,6,0,0.25
2026-04-05,8,KIA,8,2,6,0,0.25
2026-04-05,8,키움,8,2,6,0,0.25
2026-04-06,1,SSG,8,7,1,0,0.875
2026-04-06,2,NC,8,6,2,0,0.75
2026-04-06,2,KT,8,6,2,0,0.75
2026-04-06,4,삼성,8,4,3,1,0.571
2026-04-06,5,LG,8,4,4,0,0.5
2026-04-06,5,한화,8,4,4,0,0.5
2026-04-06,7,두산,8,2,5,1,0.286
2026-04-06,8,롯데,8,2,6,0,0.25
2026-04-06,8,KIA,8,2,6,0,0.25
2026-04-06,8,키움,8,2,6,0,0.25
2026-04-07,1,SSG,9,7,2,0,0.778
2026-04-07,1,KT,9,7,2,0,0.778
2026-04-07,3,NC,9,6,3,0,0.667
2026-04-07,4,삼성,9,5,3,1,0.625
2026-04-07,5,LG,9,5,4,0,0.556
2026-04-07,5,한화,9,5,4,0,0.556
2026-04-07,7,키움,9,3,6,0,0.333
2026-04-07,8,두산,9,2,6,1,0.25
2026-04-07,9,롯데,9,2,7,0,0.222
2026-04-07,9,KIA,9,2,7,0,0.222
2026-04-08,1,SSG,10,7,3,0,0.7
2026-04-08,1,KT,10,7,3,0,0.7
2026-04-08,3,LG,10,6,4,0,0.6
2026-04-08,3,한화,10,6,4,0,0.6
2026-04-08,3,NC,10,6,4,0,0.6
2026-04-08,6,삼성,10,5,4,1,0.556
2026-04-08,7,두산,10,3,6,1,0.333
2026-04-08,8,롯데,10,3,7,0,0.3
2026-04-08,8,KIA,10,3,7,0,0.3
2026-04-08,8,키움,10,3,7,0,0.3
2026-04-09,1,SSG,10,7,3,0,0.7
2026-04-09,1,KT,10,7,3,0,0.7
2026-04-09,3,LG,10,6,4,0,0.6
2026-04-09,3,한화,10,6,4,0,0.6
2026-04-09,3,NC,10,6,4,0,0.6
2026-04-09,6,삼성,10,5,4,1,0.556
2026-04-09,7,두산,10,3,6,1,0.333
2026-04-09,8,롯데,10,3,7,0,0.3
2026-04-09,8,KIA,10,3,7,0,0.3
2026-04-09,8,키움,10,3,7,0,0.3
2026-04-10,1,LG,11,7,4,0,0.636
2026-04-10,1,SSG,11,7,4,0,0.636
2026-04-10,1,KT,11,7,4,0,0.636
2026-04-10,4,삼성,11,6,4,1,0.6
2026-04-10,5,한화,11,6,5,0,0.545
2026-04-10,5,NC,11,6,5,0,0.545
2026-04-10,7,두산,11,4,6,1,0.4
2026-04-10,8,롯데,11,4,7,0,0.364
2026-04-10,8,KIA,11,4,7,0,0.364
2026-04-10,10,키움,11,3,8,0,0.273
2026-04-11,1,LG,12,8,4,0,0.667
2026-04-11,1,KT,12,8,4,0,0.667
2026-04-11,3,삼성,12,7,4,1,0.636
2026-04-11,4,SSG,12,7,5,0,0.583
2026-04-11,5,한화,12,6,6,0,0.5
2026-04-11,5,NC,12,6,6,0,0.5
2026-04-11,7,롯데,12,5,7,0,0.417
2026-04-11,7,KIA,12,5,7,0,0.417
2026-04-11,9,두산,12,4,7,1,0.364
2026-04-11,10,키움,12,3,9,0,0.25
2026-04-12,1,LG,13,9,4,0,0.692
2026-04-12,1,KT,13,9,4,0,0.692
2026-04-12,3,삼성,13,8,4,1,0.667
2026-04-12,4,SSG,13,7,6,0,0.538
2026-04-12,5,한화,13,6,7,0,0.462
2026-04-12,5,NC,13,6,7,0,0.462
2026-04-12,5,KIA,13,6,7,0,0.462
2026-04-12,8,롯데,13,5,8,0,0.385
2026-04-12,9,두산,13,4,8,1,0.333
2026-04-12,10,키움,13,4,9,0,0.308
2026-04-13,1,LG,13,9,4,0,0.692
2026-04-13,1,KT,13,9,4,0,0.692
2026-04-13,3,삼성,13,8,4,1,0.667
2026-04-13,4,SSG,13,7,6,0,0.538
2026-04-13,5,한화,13,6,7,0,0.462
2026-04-13,5,NC,13,6,7,0,0.462
2026-04-13,5,KIA,13,6,7,0,0.462
2026-04-13,8,롯데,13,5,8,0,0.385
2026-04-13,9,두산,13,4,8,1,0.333
2026-04-13,10,키움,13,4,9,0,0.308
2026-04-14,1,LG,14,10,4,0,0.714
2026-04-14,2,삼성,14,9,4,1,0.692
2026-04-14,3,KT,14,9,5,0,0.643
2026-04-14,4,SSG,14,7,7,0,0.5
2026-04-14,4,NC,14,7,7,0,0.5
2026-04-14,4,KIA,14,7,7,0,0.5
2026-04-14,7,한화,14,6,8,0,0.429
2026-04-14,8,두산,14,5,8,1,0.385
2026-04-14,9,롯데,14,5,9,0,0.357
2026-04-14,10,키움,14,4,10,0,0.286
2026-04-15,1,삼성,15,10,4,1,0.714
2026-04-15,2,LG,15,10,5,0,0.667
2026-04-15,2,KT,15,10,5,0,0.667
2026-04-15,4,SSG,15,8,7,0,0.533
2026-04-15,4,KIA,15,8,7,0,0.533
2026-04-15,6,NC,15,7,8,0,0.467
2026-04-15,7,한화,15,6,9,0,0.4
2026-04-15,7,롯데,15,6,9,0,0.4
2026-04-15,9,두산,15,5,9,1,0.357
2026-04-15,10,키움,15,4,11,0,0.267
2026-04-16,1,삼성,16,11,4,1,0.733
2026-04-16,2,LG,16,11,5,0,0.688
2026-04-16,2,KT,16,11,5,0,0.688
2026-04-16,4,SSG,16,9,7,0,0.563
2026-04-16,4,KIA,16,9,7,0,0.563
2026-04-16,6,NC,16,7,9,0,0.438
2026-04-16,7,한화,16,6,10,0,0.375
2026-04-16,7,롯데,16,6,10,0,0.375
2026-04-16,9,두산,16,5,10,1,0.333
2026-04-16,10,키움,16,4,12,0,0.25
2026-04-17,1,삼성,16,11,4,1,0.733
2026-04-17,2,KT,17,12,5,0,0.706
2026-04-17,3,LG,16,11,5,0,0.688
2026-04-17,4,KIA,17,10,7,0,0.588
2026-04-17,5,SSG,16,9,7,0,0.563
2026-04-17,6,NC,16,7,9,0,0.438
2026-04-17,7,한화,16,6,10,0,0.375
2026-04-17,7,롯데,16,6,10,0,0.375
2026-04-17,9,두산,17,5,11,1,0.313
2026-04-17,10,키움,17,4,13,0,0.235
2026-04-18,1,삼성,17,12,4,1,0.75
2026-04-18,2,KT,18,13,5,0,0.722
2026-04-18,3,LG,17,11,6,0,0.647
2026-04-18,4,SSG,17,10,7,0,0.588
2026-04-18,5,KIA,18,10,8,0,0.556
2026-04-18,6,한화,17,7,10,0,0.412
2026-04-18,6,NC,17,7,10,0,0.412
2026-04-18,8,롯데,17,6,11,0,0.353
2026-04-18,8,두산,18,6,11,1,0.353
2026-04-18,10,키움,18,4,14,0,0.222
2026-04-19,1,삼성,18,12,5,1,0.706
2026-04-19,2,KT,19,13,6,0,0.684
2026-04-19,3,LG,18,12,6,0,0.667
2026-04-19,4,SSG,18,10,8,0,0.556
2026-04-19,5,KIA,19,10,9,0,0.526
2026-04-19,6,한화,18,8,10,0,0.444
2026-04-19,6,NC,18,8,10,0,0.444
2026-04-19,8,두산,19,7,11,1,0.389
2026-04-19,9,롯데,18,6,12,0,0.333
2026-04-19,10,키움,19,5,14,0,0.263
2026-04-20,1,삼성,18,12,5,1,0.706
2026-04-20,2,KT,19,13,6,0,0.684
2026-04-20,3,LG,18,12,6,0,0.667
2026-04-20,4,SSG,18,10,8,0,0.556
2026-04-20,5,KIA,19,10,9,0,0.526
2026-04-20,6,한화,18,8,10,0,0.444
2026-04-20,6,NC,18,8,10,0,0.444
2026-04-20,8,두산,19,7,11,1,0.389
2026-04-20,9,롯데,18,6,12,0,0.333
2026-04-20,10,키움,19,5,14,0,0.263
2026-04-21,1,KT,20,14,6,0,0.7
2026-04-21,2,LG,19,13,6,0,0.684
2026-04-21,3,삼성,19,12,6,1,0.667
2026-04-21,4,SSG,19,11,8,0,0.579
2026-04-21,5,KIA,20,10,10,0,0.5
2026-04-21,6,한화,19,8,11,0,0.421
2026-04-21,6,NC,19,8,11,0,0.421
2026-04-21,6,두산,20,8,11,1,0.421
2026-04-21,9,롯데,19,6,13,0,0.316
2026-04-21,10,키움,20,6,14,0,0.3
2026-04-22,1,KT,21,15,6,0,0.714
2026-04-22,2,LG,20,14,6,0,0.7
2026-04-22,3,삼성,20,12,7,1,0.632
2026-04-22,4,SSG,20,12,8,0,0.6
2026-04-22,5,KIA,21,10,11,0,0.476
2026-04-22,6,두산,21,9,11,1,0.45
2026-04-22,7,한화,20,8,12,0,0.4
2026-04-22,7,NC,20,8,12,0,0.4
2026-04-22,9,키움,21,7,14,0,0.333
2026-04-22,10,롯데,20,6,14,0,0.3
2026-04-23,1,KT,22,16,6,0,0.727
2026-04-23,2,LG,21,14,7,0,0.667
2026-04-23,3,SSG,21,13,8,0,0.619
2026-04-23,4,삼성,21,12,8,1,0.6
2026-04-23,5,KIA,22,10,12,0,0.455
2026-04-23,6,한화,21,9,12,0,0.429
2026-04-23,6,NC,21,9,12,0,0.429
2026-04-23,6,두산,22,9,12,1,0.429
2026-04-23,9,롯데,21,7,14,0,0.333
2026-04-23,10,키움,22,7,15,0,0.318
2026-04-24,1,KT,23,16,7,0,0.696
2026-04-24,2,LG,22,15,7,0,0.682
2026-04-24,3,SSG,22,14,8,0,0.636
2026-04-24,4,삼성,22,12,9,1,0.571
2026-04-24,5,KIA,23,11,12,0,0.478
2026-04-24,6,NC,22,10,12,0,0.455
2026-04-24,7,한화,22,9,13,0,0.409
2026-04-24,7,두산,23,9,13,1,0.409
2026-04-24,9,키움,23,8,15,0,0.348
2026-04-24,10,롯데,22,7,15,0,0.318
2026-04-25,1,LG,23,16,7,0,0.696
2026-04-25,2,KT,24,16,8,0,0.667
2026-04-25,3,SSG,23,15,8,0,0.652
2026-04-25,4,삼성,23,12,10,1,0.545
2026-04-25,5,KIA,24,12,12,0,0.5
2026-04-25,6,한화,23,10,13,0,0.435
2026-04-25,6,NC,23,10,13,0,0.435
2026-04-25,8,두산,24,9,14,1,0.391
2026-04-25,9,키움,24,9,15,0,0.375
2026-04-25,10,롯데,23,7,16,0,0.304
2026-04-26,1,KT,25,17,8,0,0.68
2026-04-26,2,LG,24,16,8,0,0.667
2026-04-26,3,SSG,24,15,9,0,0.625
2026-04-26,4,삼성,24,12,11,1,0.522
2026-04-26,5,KIA,25,12,12,1,0.5
2026-04-26,6,NC,24,11,13,0,0.458
2026-04-26,7,한화,24,10,14,0,0.417
2026-04-26,7,두산,25,10,14,1,0.417
2026-04-26,9,키움,25,10,15,0,0.4
2026-04-26,10,롯데,24,7,16,1,0.304
2026-04-27,1,KT,25,17,8,0,0.68
2026-04-27,2,LG,24,16,8,0,0.667
2026-04-27,3,SSG,24,15,9,0,0.625
2026-04-27,4,삼성,24,12,11,1,0.522
2026-04-27,5,KIA,25,12,12,1,0.5
2026-04-27,6,NC,24,11,13,0,0.458
2026-04-27,7,한화,24,10,14,0,0.417
2026-04-27,7,두산,25,10,14,1,0.417
2026-04-27,9,키움,25,10,15,0,0.4
2026-04-27,10,롯데,24,7,16,1,0.304
2026-04-28,1,KT,26,18,8,0,0.692
2026-04-28,2,LG,25,16,9,0,0.64
2026-04-28,3,SSG,25,15,10,0,0.6
2026-04-28,4,삼성,25,13,11,1,0.542
2026-04-28,5,NC,25,12,13,0,0.48
2026-04-28,5,KIA,26,12,13,1,0.48
2026-04-28,7,한화,25,11,14,0,0.44
2026-04-28,8,두산,26,10,15,1,0.4
2026-04-28,9,키움,26,10,16,0,0.385
2026-04-28,10,롯데,25,8,16,1,0.333
2026-04-29,1,KT,27,19,8,0,0.704
2026-04-29,2,LG,26,16,10,0,0.615
2026-04-29,2,SSG,26,16,10,0,0.615
2026-04-29,4,삼성,26,13,12,1,0.52
2026-04-29,5,KIA,27,13,13,1,0.5
2026-04-29,6,NC,26,12,14,0,0.462
2026-04-29,7,한화,26,11,15,0,0.423
2026-04-29,7,두산,27,11,15,1,0.423
2026-04-29,9,키움,27,11,16,0,0.407
2026-04-29,10,롯데,26,8,17,1,0.32
2026-04-30,1,KT,28,19,9,0,0.679
2026-04-30,2,LG,27,17,10,0,0.63
2026-04-30,2,SSG,27,17,10,0,0.63
2026-04-30,4,삼성,27,13,13,1,0.5
2026-04-30,5,NC,27,13,14,0,0.481
2026-04-30,5,KIA,28,13,14,1,0.481
2026-04-30,7,두산,28,12,15,1,0.444
2026-04-30,8,한화,27,11,16,0,0.407
2026-04-30,9,키움,28,11,17,0,0.393
2026-04-30,10,롯데,27,9,17,1,0.346
2026-05-01,1,KT,29,20,9,0,0.69
2026-05-01,2,LG,28,18,10,0,0.643
2026-05-01,3,SSG,28,17,11,0,0.607
2026-05-01,4,삼성,28,14,13,1,0.519
2026-05-01,5,NC,28,13,15,0,0.464
2026-05-01,5,KIA,29,13,15,1,0.464
2026-05-01,5,두산,29,13,15,1,0.464
2026-05-01,8,한화,28,11,17,0,0.393
2026-05-01,9,키움,29,11,18,0,0.379
2026-05-01,10,롯데,28,10,17,1,0.37
2026-05-02,1,KT,30,20,10,0,0.667
2026-05-02,2,LG,29,19,10,0,0.655
2026-05-02,3,SSG,29,17,12,0,0.586
2026-05-02,4,삼성,29,14,14,1,0.5
2026-05-02,5,KIA,30,14,15,1,0.483
2026-05-02,6,NC,29,13,16,0,0.448
2026-05-02,6,두산,30,13,16,1,0.448
2026-05-02,8,한화,29,12,17,0,0.414
2026-05-02,9,키움,30,12,18,0,0.4
2026-05-02,10,롯데,29,11,17,1,0.393
2026-05-03,1,KT,31,21,10,0,0.677
2026-05-03,2,LG,30,19,11,0,0.633
2026-05-03,3,SSG,30,17,13,0,0.567
2026-05-03,4,삼성,30,15,14,1,0.517
2026-05-03,5,NC,30,14,16,0,0.467
2026-05-03,5,KIA,31,14,16,1,0.467
2026-05-03,5,두산,31,14,16,1,0.467
2026-05-03,8,롯데,30,12,17,1,0.414
2026-05-03,9,한화,30,12,18,0,0.4
2026-05-03,10,키움,31,12,19,0,0.387
2026-05-04,1,KT,31,21,10,0,0.677
2026-05-04,2,LG,30,19,11,0,0.633
2026-05-04,3,SSG,30,17,13,0,0.567
2026-05-04,4,삼성,30,15,14,1,0.517
2026-05-04,5,NC,30,14,16,0,0.467
2026-05-04,5,KIA,31,14,16,1,0.467
2026-05-04,5,두산,31,14,16,1,0.467
2026-05-04,8,롯데,30,12,17,1,0.414
2026-05-04,9,한화,30,12,18,0,0.4
2026-05-04,10,키움,31,12,19,0,0.387
2026-05-05,1,KT,32,22,10,0,0.688
2026-05-05,2,LG,31,20,11,0,0.645
2026-05-05,3,SSG,31,17,13,1,0.567
2026-05-05,4,삼성,31,16,14,1,0.533
2026-05-05,5,KIA,32,15,16,1,0.484
2026-05-05,6,NC,31,14,16,1,0.467
2026-05-05,7,두산,32,14,17,1,0.452
2026-05-05,8,롯데,31,12,18,1,0.4
2026-05-05,9,한화,31,12,19,0,0.387
2026-05-05,10,키움,32,12,20,0,0.375
2026-05-06,1,KT,33,22,11,0,0.667
2026-05-06,2,LG,32,21,11,0,0.656
2026-05-06,3,SSG,32,18,13,1,0.581
2026-05-06,4,삼성,32,17,14,1,0.548
2026-05-06,5,KIA,33,15,17,1,0.469
2026-05-06,6,NC,32,14,17,1,0.452
2026-05-06,7,두산,33,14,18,1,0.438
2026-05-06,8,롯데,32,13,18,1,0.419
2026-05-06,9,한화,32,13,19,0,0.406
2026-05-06,10,키움,33,12,21,0,0.364
2026-05-07,1,KT,33,22,11,0,0.667
2026-05-07,2,LG,33,21,12,0,0.636
2026-05-07,3,SSG,33,18,14,1,0.563
2026-05-07,3,삼성,33,18,14,1,0.563
2026-05-07,5,NC,33,15,17,1,0.469
2026-05-07,6,KIA,34,15,18,1,0.455
2026-05-07,6,두산,34,15,18,1,0.455
2026-05-07,8,한화,33,14,19,0,0.424
2026-05-07,9,롯데,32,13,18,1,0.419
2026-05-07,10,키움,34,12,22,0,0.353
2026-05-08,1,KT,34,23,11,0,0.676
2026-05-08,2,LG,34,22,12,0,0.647
2026-05-08,3,SSG,34,19,14,1,0.576
2026-05-08,3,삼성,34,19,14,1,0.576
2026-05-08,5,KIA,35,16,18,1,0.471
2026-05-08,6,NC,34,15,18,1,0.455
2026-05-08,7,두산,35,15,19,1,0.441
2026-05-08,8,한화,34,14,20,0,0.412
2026-05-08,9,롯데,33,13,19,1,0.406
2026-05-08,10,키움,35,12,23,0,0.343
2026-05-09,1,KT,35,23,11,1,0.676
2026-05-09,2,LG,35,22,13,0,0.629
2026-05-09,3,삼성,35,20,14,1,0.588
2026-05-09,4,SSG,35,19,15,1,0.559
2026-05-09,5,KIA,36,17,18,1,0.486
2026-05-09,6,두산,36,16,19,1,0.457
2026-05-09,7,NC,35,15,19,1,0.441
2026-05-09,8,한화,35,15,20,0,0.429
2026-05-09,9,롯데,34,13,20,1,0.394
2026-05-09,10,키움,36,12,23,1,0.343
2026-05-10,1,KT,36,23,12,1,0.657
2026-05-10,2,LG,36,22,14,0,0.611
2026-05-10,3,삼성,36,21,14,1,0.6
2026-05-10,4,SSG,36,19,16,1,0.543
2026-05-10,5,KIA,37,17,19,1,0.472
2026-05-10,5,두산,37,17,19,1,0.472
2026-05-10,7,한화,36,16,20,0,0.444
2026-05-10,8,NC,36,15,20,1,0.429
2026-05-10,9,롯데,35,14,20,1,0.412
2026-05-10,10,키움,37,13,23,1,0.361
2026-05-11,1,KT,36,23,12,1,0.657
2026-05-11,2,LG,36,22,14,0,0.611
2026-05-11,3,삼성,36,21,14,1,0.6
2026-05-11,4,SSG,36,19,16,1,0.543
2026-05-11,5,KIA,37,17,19,1,0.472
2026-05-11,5,두산,37,17,19,1,0.472
2026-05-11,7,한화,36,16,20,0,0.444
2026-05-11,8,NC,36,15,20,1,0.429
2026-05-11,9,롯데,35,14,20,1,0.412
2026-05-11,10,키움,37,13,23,1,0.361
2026-05-12,1,KT,37,23,13,1,0.639
2026-05-12,2,삼성,37,22,14,1,0.611
2026-05-12,3,LG,37,22,15,0,0.595
2026-05-12,4,SSG,37,20,16,1,0.556
2026-05-12,5,두산,38,18,19,1,0.486
2026-05-12,6,한화,37,17,20,0,0.459
2026-05-12,6,KIA,38,17,20,1,0.459
2026-05-12,8,NC,37,16,20,1,0.444
2026-05-12,9,롯데,36,14,21,1,0.4
2026-05-12,10,키움,38,13,24,1,0.351
2026-05-13,1,KT,38,24,13,1,0.649
2026-05-13,2,LG,38,23,15,0,0.605
2026-05-13,3,삼성,38,22,15,1,0.595
2026-05-13,4,SSG,38,20,17,1,0.541
2026-05-13,5,KIA,39,18,20,1,0.474
2026-05-13,5,두산,39,18,20,1,0.474
2026-05-13,7,한화,38,17,21,0,0.447
2026-05-13,8,NC,38,16,21,1,0.432
2026-05-13,9,롯데,37,15,21,1,0.417
2026-05-13,10,키움,39,14,24,1,0.368
2026-05-14,1,KT,39,24,14,1,0.632
2026-05-14,2,삼성,39,23,15,1,0.605
2026-05-14,3,LG,39,23,16,0,0.59
2026-05-14,4,SSG,39,21,17,1,0.553
2026-05-14,5,KIA,40,19,20,1,0.487
2026-05-14,6,한화,39,18,21,0,0.462
2026-05-14,6,두산,40,18,21,1,0.462
2026-05-14,8,NC,39,17,21,1,0.447
2026-05-14,9,롯데,38,15,22,1,0.405
2026-05-14,10,키움,40,14,25,1,0.359
2026-05-15,1,KT,40,24,15,1,0.615
2026-05-15,2,LG,40,24,16,0,0.6
2026-05-15,3,삼성,40,23,16,1,0.59
2026-05-15,4,SSG,40,21,18,1,0.538
2026-05-15,5,KIA,41,20,20,1,0.5
2026-05-15,6,한화,40,19,21,0,0.475
2026-05-15,7,두산,41,18,22,1,0.45
2026-05-15,8,NC,40,17,22,1,0.436
2026-05-15,9,롯데,39,16,22,1,0.421
2026-05-15,10,키움,41,15,25,1,0.375
2026-05-16,1,삼성,41,24,16,1,0.6
2026-05-16,1,KT,41,24,16,1,0.6
2026-05-16,3,LG,41,24,17,0,0.585
2026-05-16,4,SSG,41,22,18,1,0.55
2026-05-16,5,한화,41,20,21,0,0.488
2026-05-16,5,KIA,42,20,21,1,0.488
2026-05-16,7,두산,42,19,22,1,0.463
2026-05-16,8,NC,41,18,22,1,0.45
2026-05-16,9,롯데,40,16,23,1,0.41
2026-05-16,10,키움,42,15,26,1,0.366
2026-05-17,1,KT,42,25,16,1,0.61
2026-05-17,2,LG,42,25,17,0,0.595
2026-05-17,3,삼성,42,24,17,1,0.585
2026-05-17,4,SSG,42,22,19,1,0.537
2026-05-17,5,KIA,43,21,21,1,0.5
2026-05-17,6,한화,42,20,22,0,0.476
2026-05-17,6,두산,43,20,22,1,0.476
2026-05-17,8,NC,42,18,23,1,0.439
2026-05-17,9,롯데,41,16,24,1,0.4
2026-05-17,10,키움,43,16,26,1,0.381
2026-05-18,1,KT,42,25,16,1,0.61
2026-05-18,2,LG,42,25,17,0,0.595
2026-05-18,3,삼성,42,24,17,1,0.585
2026-05-18,4,SSG,42,22,19,1,0.537
2026-05-18,5,KIA,43,21,21,1,0.5
2026-05-18,6,한화,42,20,22,0,0.476
2026-05-18,6,두산,43,20,22,1,0.476
2026-05-18,8,NC,42,18,23,1,0.439
2026-05-18,9,롯데,41,16,24,1,0.4
2026-05-18,10,키움,43,16,26,1,0.381
2026-05-19,1,삼성,43,25,17,1,0.595
2026-05-19,1,KT,43,25,17,1,0.595
2026-05-19,3,LG,43,25,18,0,0.581
2026-05-19,4,SSG,43,22,20,1,0.524
2026-05-19,5,KIA,44,22,21,1,0.512
2026-05-19,6,두산,44,21,22,1,0.488
2026-05-19,7,한화,43,20,23,0,0.465
2026-05-19,8,NC,43,18,24,1,0.429
2026-05-19,9,롯데,42,17,24,1,0.415
2026-05-19,10,키움,44,17,26,1,0.395
2026-05-20,1,삼성,43,25,17,1,0.595
2026-05-20,1,KT,43,25,17,1,0.595
2026-05-20,3,LG,43,25,18,0,0.581
2026-05-20,4,SSG,44,22,21,1,0.512
2026-05-20,4,KIA,44,22,21,1,0.512
2026-05-20,6,두산,44,21,22,1,0.488
2026-05-20,7,한화,43,20,23,0,0.465
2026-05-20,8,NC,43,18,24,1,0.429
2026-05-20,9,롯데,42,17,24,1,0.415
2026-05-20,10,키움,45,18,26,1,0.409
2026-05-21,1,삼성,44,26,17,1,0.605
2026-05-21,2,LG,44,26,18,0,0.591
2026-05-21,3,KT,44,25,18,1,0.581
2026-05-21,4,SSG,45,22,22,1,0.5
2026-05-21,4,KIA,45,22,22,1,0.5
2026-05-21,4,두산,45,22,22,1,0.5
2026-05-21,7,한화,44,20,24,0,0.455
2026-05-21,8,롯데,43,18,24,1,0.429
2026-05-21,9,키움,46,19,26,1,0.422
2026-05-21,10,NC,44,18,25,1,0.419
2026-05-22,1,삼성,45,27,17,1,0.614
2026-05-22,2,KT,45,26,18,1,0.591
2026-05-22,3,LG,45,26,19,0,0.578
2026-05-22,4,KIA,46,23,22,1,0.511
2026-05-22,5,SSG,46,22,23,1,0.489
2026-05-22,5,두산,46,22,23,1,0.489
2026-05-22,7,한화,45,21,24,0,0.467
2026-05-22,8,키움,47,20,26,1,0.435
2026-05-22,9,롯데,44,18,25,1,0.419
2026-05-22,10,NC,45,18,26,1,0.409
2026-05-23,1,삼성,46,27,18,1,0.6
2026-05-23,1,KT,46,27,18,1,0.6
2026-05-23,3,LG,46,27,19,0,0.587
2026-05-23,4,KIA,47,24,22,1,0.522
2026-05-23,5,한화,46,22,24,0,0.478
2026-05-23,5,SSG,47,22,24,1,0.478
2026-05-23,5,두산,47,22,24,1,0.478
2026-05-23,8,롯데,45,19,25,1,0.432
2026-05-23,9,키움,48,20,27,1,0.426
2026-05-23,10,NC,46,18,27,1,0.4
2026-05-24,1,삼성,47,28,18,1,0.609
2026-05-24,2,LG,47,28,19,0,0.596
2026-05-24,3,KT,47,27,19,1,0.587
2026-05-24,4,KIA,48,25,22,1,0.532
2026-05-24,5,한화,47,23,24,0,0.489
2026-05-24,6,SSG,48,22,25,1,0.468
2026-05-24,6,두산,48,22,25,1,0.468
2026-05-24,8,롯데,46,19,26,1,0.422
2026-05-24,9,키움,49,20,28,1,0.417
2026-05-24,10,NC,47,19,27,1,0.413
2026-05-25,1,삼성,47,28,18,1,0.609
2026-05-25,2,LG,47,28,19,0,0.596
2026-05-25,3,KT,47,27,19,1,0.587
2026-05-25,4,KIA,48,25,22,1,0.532
2026-05-25,5,한화,47,23,24,0,0.489
2026-05-25,6,SSG,48,22,25,1,0.468
2026-05-25,6,두산,48,22,25,1,0.468
2026-05-25,8,롯데,46,19,26,1,0.422
2026-05-25,9,키움,49,20,28,1,0.417
2026-05-25,10,NC,47,19,27,1,0.413
2026-05-26,1,삼성,47,28,18,1,0.609
2026-05-26,2,LG,48,29,19,0,0.604
2026-05-26,3,KT,48,28,19,1,0.596
2026-05-26,4,KIA,49,26,22,1,0.542
2026-05-26,5,한화,47,23,24,0,0.489
2026-05-26,6,SSG,48,22,25,1,0.468
2026-05-26,7,두산,49,22,26,1,0.458
2026-05-26,8,NC,47,19,27,1,0.413
2026-05-26,8,롯데,47,19,27,1,0.413
2026-05-26,10,키움,50,20,29,1,0.408
2026-05-27,1,삼성,48,29,18,1,0.617
2026-05-27,2,LG,49,30,19,0,0.612
2026-05-27,3,KT,49,28,20,1,0.583
2026-05-27,4,KIA,50,27,22,1,0.551
2026-05-27,5,한화,48,23,25,0,0.479
2026-05-27,6,두산,50,23,26,1,0.469
2026-05-27,7,SSG,49,22,26,1,0.458
2026-05-27,8,NC,48,20,27,1,0.426
2026-05-27,9,롯데,48,19,28,1,0.404
2026-05-27,10,키움,51,20,30,1,0.4
2026-05-28,1,삼성,49,30,18,1,0.625
2026-05-28,2,LG,50,30,20,0,0.6
2026-05-28,3,KT,50,29,20,1,0.592
2026-05-28,4,KIA,51,28,22,1,0.56
2026-05-28,5,한화,49,24,25,0,0.49
2026-05-28,6,두산,51,23,27,1,0.46
2026-05-28,7,SSG,50,22,27,1,0.449
2026-05-28,8,NC,49,20,28,1,0.417
2026-05-28,8,롯데,49,20,28,1,0.417
2026-05-28,10,키움,52,20,31,1,0.392
2026-05-29,1,삼성,50,30,19,1,0.612
2026-05-29,2,LG,51,31,20,0,0.608
2026-05-29,3,KT,51,30,20,1,0.6
2026-05-29,4,KIA,52,28,23,1,0.549
2026-05-29,5,한화,50,25,25,0,0.5
2026-05-29,6,두산,52,24,27,1,0.471
2026-05-29,7,SSG,51,22,28,1,0.44
2026-05-29,8,롯데,50,21,28,1,0.429
2026-05-29,9,NC,50,20,29,1,0.408
2026-05-29,10,키움,53,20,32,1,0.385
2026-05-30,1,LG,52,32,20,0,0.615
2026-05-30,2,KT,52,31,20,1,0.608
2026-05-30,3,삼성,51,30,20,1,0.6
2026-05-30,4,KIA,53,28,24,1,0.538
2026-05-30,5,한화,51,26,25,0,0.51
2026-05-30,6,두산,53,25,27,1,0.481
2026-05-30,7,SSG,52,22,29,1,0.431
2026-05-30,8,NC,51,21,29,1,0.42
2026-05-30,8,롯데,51,21,29,1,0.42
2026-05-30,10,키움,54,20,33,1,0.377
2026-05-31,1,LG,53,33,20,0,0.623
2026-05-31,2,KT,53,32,20,1,0.615
2026-05-31,3,삼성,52,31,20,1,0.608
2026-05-31,4,KIA,54,28,25,1,0.528
2026-05-31,5,한화,52,27,25,0,0.519
2026-05-31,6,두산,54,25,28,1,0.472
2026-05-31,7,NC,52,22,29,1,0.431
2026-05-31,8,SSG,53,22,30,1,0.423
2026-05-31,9,롯데,52,21,30,1,0.412
2026-05-31,10,키움,55,20,34,1,0.37
2026-06-01,1,LG,53,33,20,0,0.623
2026-06-01,2,KT,53,32,20,1,0.615
2026-06-01,3,삼성,52,31,20,1,0.608
2026-06-01,4,KIA,54,28,25,1,0.528
2026-06-01,5,한화,52,27,25,0,0.519
2026-06-01,6,두산,54,25,28,1,0.472
2026-06-01,7,NC,52,22,29,1,0.431
2026-06-01,8,SSG,53,22,30,1,0.423
2026-06-01,9,롯데,52,21,30,1,0.412
2026-06-01,10,키움,55,20,34,1,0.37
2026-06-02,1,LG,54,34,20,0,0.63
2026-06-02,2,삼성,53,32,20,1,0.615
2026-06-02,3,KT,54,32,21,1,0.604
2026-06-02,4,KIA,55,29,25,1,0.537
2026-06-02,5,한화,53,27,26,0,0.509
2026-06-02,6,두산,55,26,28,1,0.481
2026-06-02,7,NC,53,22,30,1,0.423
2026-06-02,8,SSG,54,22,31,1,0.415
2026-06-02,9,롯데,53,21,31,1,0.404
2026-06-02,10,키움,56,21,34,1,0.382
2026-06-03,1,LG,55,34,21,0,0.618
2026-06-03,2,KT,55,33,21,1,0.611
2026-06-03,3,삼성,54,32,21,1,0.604
2026-06-03,4,KIA,56,29,26,1,0.527
2026-06-03,5,한화,54,27,26,1,0.509
2026-06-03,6,두산,56,26,28,2,0.481
2026-06-03,7,NC,54,23,30,1,0.434
2026-06-03,8,SSG,55,23,31,1,0.426
2026-06-03,9,롯데,54,22,31,1,0.415
2026-06-03,10,키움,57,21,35,1,0.375
2026-06-04,1,LG,56,35,21,0,0.625
2026-06-04,2,KT,56,33,22,1,0.6
2026-06-04,3,삼성,55,32,22,1,0.593
2026-06-04,4,KIA,57,30,26,1,0.536
2026-06-04,5,한화,55,27,27,1,0.5
2026-06-04,6,두산,57,27,28,2,0.491
2026-06-04,7,NC,55,24,30,1,0.444
2026-06-04,8,SSG,56,24,31,1,0.436
2026-06-04,9,롯데,55,22,32,1,0.407
2026-06-04,10,키움,58,21,36,1,0.368
2026-06-05,1,LG,57,36,21,0,0.632
2026-06-05,2,KT,57,33,23,1,0.589
2026-06-05,3,삼성,56,32,23,1,0.582
2026-06-05,4,KIA,58,31,26,1,0.544
2026-06-05,5,한화,56,28,27,1,0.509
2026-06-05,6,두산,58,28,28,2,0.5
2026-06-05,7,SSG,57,25,31,1,0.446
2026-06-05,8,NC,56,24,31,1,0.436
2026-06-05,9,롯데,56,22,33,1,0.4
2026-06-05,10,키움,59,21,37,1,0.362
2026-06-06,1,LG,58,36,22,0,0.621
2026-06-06,2,KT,58,34,23,1,0.596
2026-06-06,3,삼성,57,33,23,1,0.589
2026-06-06,4,KIA,59,31,27,1,0.534
2026-06-06,5,한화,57,29,27,1,0.518
2026-06-06,6,두산,59,29,28,2,0.509
2026-06-06,7,NC,57,25,31,1,0.446
2026-06-06,8,SSG,58,25,32,1,0.439
2026-06-06,9,롯데,57,22,34,1,0.393
2026-06-06,10,키움,60,21,38,1,0.356
2026-06-07,1,LG,59,36,23,0,0.61
2026-06-07,2,KT,59,34,24,1,0.586
2026-06-07,3,삼성,58,33,24,1,0.579
2026-06-07,4,KIA,60,32,27,1,0.542
2026-06-07,5,한화,58,30,27,1,0.526
2026-06-07,6,두산,60,29,29,2,0.5
2026-06-07,7,NC,58,26,31,1,0.456
2026-06-07,8,SSG,59,26,32,1,0.448
2026-06-07,9,롯데,58,22,35,1,0.386
2026-06-07,10,키움,61,22,38,1,0.367
2026-06-08,1,LG,59,36,23,0,0.61
2026-06-08,2,KT,59,34,24,1,0.586
2026-06-08,3,삼성,58,33,24,1,0.579
2026-06-08,4,KIA,60,32,27,1,0.542
2026-06-08,5,한화,58,30,27,1,0.526
2026-06-08,6,두산,60,29,29,2,0.5
2026-06-08,7,NC,58,26,31,1,0.456
2026-06-08,8,SSG,59,26,32,1,0.448
2026-06-08,9,롯데,58,22,35,1,0.386
2026-06-08,10,키움,61,22,38,1,0.367
2026-06-09,1,LG,60,37,23,0,0.617
2026-06-09,2,KT,60,35,24,1,0.593
2026-06-09,3,삼성,59,33,25,1,0.569
2026-06-09,4,KIA,61,33,27,1,0.55
2026-06-09,5,한화,59,30,28,1,0.517
2026-06-09,6,두산,61,30,29,2,0.508
2026-06-09,7,NC,59,26,32,1,0.448
2026-06-09,8,SSG,60,26,33,1,0.441
2026-06-09,9,롯데,59,22,36,1,0.379
2026-06-09,10,키움,62,23,38,1,0.377
2026-06-10,1,LG,61,38,23,0,0.623
2026-06-10,2,KT,61,36,24,1,0.6
2026-06-10,3,삼성,60,33,26,1,0.559
2026-06-10,4,KIA,62,33,28,1,0.541
2026-06-10,5,한화,60,31,28,1,0.525
2026-06-10,6,두산,62,30,30,2,0.5
2026-06-10,7,NC,60,27,32,1,0.458
2026-06-10,8,SSG,61,26,34,1,0.433
2026-06-10,9,롯데,60,23,36,1,0.39
2026-06-10,10,키움,63,23,39,1,0.371
2026-06-11,1,LG,62,39,23,0,0.629
2026-06-11,2,KT,62,36,25,1,0.59
2026-06-11,3,삼성,61,34,26,1,0.567
2026-06-11,4,한화,61,32,28,1,0.533
2026-06-11,5,KIA,63,33,29,1,0.532
2026-06-11,6,두산,63,31,30,2,0.508
2026-06-11,7,NC,61,28,32,1,0.467
2026-06-11,8,SSG,62,26,35,1,0.426
2026-06-11,9,롯데,61,23,37,1,0.383
2026-06-11,10,키움,64,23,40,1,0.365
2026-06-12,1,LG,63,39,24,0,0.619
2026-06-12,2,KT,63,37,25,1,0.597
2026-06-12,3,삼성,62,34,27,1,0.557
2026-06-12,4,한화,62,32,29,1,0.525
2026-06-12,5,KIA,64,33,30,1,0.524
2026-06-12,6,두산,64,32,30,2,0.516
2026-06-12,7,NC,62,28,33,1,0.459
2026-06-12,8,SSG,63,27,35,1,0.435
2026-06-12,9,롯데,62,24,37,1,0.393
2026-06-12,10,키움,65,24,40,1,0.375
2026-06-13,1,LG,64,40,24,0,0.625
2026-06-13,2,KT,64,38,25,1,0.603
2026-06-13,3,삼성,63,35,27,1,0.565
2026-06-13,4,KIA,65,34,30,1,0.531
2026-06-13,5,한화,63,32,30,1,0.516
2026-06-13,6,두산,65,32,31,2,0.508
2026-06-13,7,NC,63,28,34,1,0.452
2026-06-13,8,SSG,64,27,36,1,0.429
2026-06-13,9,롯데,63,24,38,1,0.387
2026-06-13,10,키움,66,25,40,1,0.385
2026-06-14,1,LG,65,41,24,0,0.631
2026-06-14,2,KT,64,38,25,1,0.603
2026-06-14,3,삼성,64,36,27,1,0.571
2026-06-14,4,KIA,66,34,31,1,0.523
2026-06-14,5,두산,66,33,31,2,0.516
2026-06-14,6,한화,64,32,31,1,0.508
2026-06-14,7,NC,63,28,34,1,0.452
2026-06-14,8,SSG,65,27,37,1,0.422
2026-06-14,9,키움,67,26,40,1,0.394
2026-06-14,10,롯데,64,24,39,1,0.381
2026-06-15,1,LG,65,41,24,0,0.631
2026-06-15,2,KT,64,38,25,1,0.603
2026-06-15,3,삼성,64,36,27,1,0.571
2026-06-15,4,KIA,66,34,31,1,0.523
2026-06-15,5,두산,66,33,31,2,0.516
2026-06-15,6,한화,64,32,31,1,0.508
2026-06-15,7,NC,63,28,34,1,0.452
2026-06-15,8,SSG,65,27,37,1,0.422
2026-06-15,9,키움,67,26,40,1,0.394
2026-06-15,10,롯데,64,24,39,1,0.381
2026-06-16,1,LG,66,42,24,0,0.636
2026-06-16,2,KT,65,39,25,1,0.609
2026-06-16,3,삼성,65,37,27,1,0.578
2026-06-16,4,KIA,67,34,32,1,0.515
2026-06-16,5,두산,67,33,32,2,0.508
2026-06-16,6,한화,65,32,32,1,0.5
2026-06-16,7,NC,64,29,34,1,0.46
2026-06-16,8,SSG,66,27,38,1,0.415
2026-06-16,9,롯데,65,25,39,1,0.391
2026-06-16,10,키움,68,26,41,1,0.388
2026-06-17,1,LG,67,42,25,0,0.627
2026-06-17,2,KT,66,40,25,1,0.615
2026-06-17,3,삼성,66,38,27,1,0.585
2026-06-17,4,KIA,68,35,32,1,0.522
2026-06-17,5,두산,68,33,33,2,0.5
2026-06-17,6,한화,66,32,33,1,0.492
2026-06-17,7,NC,65,30,34,1,0.469
2026-06-17,8,SSG,67,27,39,1,0.409
2026-06-17,9,롯데,66,26,39,1,0.4
2026-06-17,10,키움,69,26,42,1,0.382
2026-06-18,1,LG,68,42,26,0,0.618
2026-06-18,2,KT,67,40,26,1,0.606
2026-06-18,3,삼성,67,39,27,1,0.591
2026-06-18,4,KIA,69,36,32,1,0.529
2026-06-18,5,두산,69,34,33,2,0.507
2026-06-18,6,한화,67,32,34,1,0.485
2026-06-18,7,NC,66,31,34,1,0.477
2026-06-18,8,SSG,68,27,39,2,0.409
2026-06-18,9,롯데,67,26,39,2,0.4
2026-06-18,10,키움,70,26,43,1,0.377
2026-06-19,1,LG,69,43,26,0,0.623
2026-06-19,2,KT,68,40,27,1,0.597
2026-06-19,3,삼성,68,39,27,2,0.591
2026-06-19,4,KIA,70,37,32,1,0.536
2026-06-19,5,두산,70,34,34,2,0.5
2026-06-19,6,한화,68,32,34,2,0.485
2026-06-19,6,NC,67,32,34,1,0.485
2026-06-19,8,롯데,68,27,39,2,0.409
2026-06-19,9,SSG,69,27,40,2,0.403
2026-06-19,10,키움,71,26,44,1,0.371
2026-06-20,1,LG,70,44,26,0,0.629
2026-06-20,2,KT,69,41,27,1,0.603
2026-06-20,3,삼성,69,39,28,2,0.582
2026-06-20,4,KIA,71,37,33,1,0.529
2026-06-20,5,두산,71,34,35,2,0.493
2026-06-20,6,한화,69,33,34,2,0.493
2026-06-20,7,NC,68,32,35,1,0.478
2026-06-20,8,롯데,69,28,39,2,0.418
2026-06-20,9,SSG,70,28,40,2,0.412
2026-06-20,10,키움,72,26,45,1,0.366
2026-06-21,1,LG,71,45,26,0,0.634
2026-06-21,2,KT,70,41,28,1,0.594
2026-06-21,3,삼성,70,40,28,2,0.588
2026-06-21,4,KIA,72,38,33,1,0.535
2026-06-21,5,두산,72,34,36,2,0.486
2026-06-21,6,한화,70,33,35,2,0.485
2026-06-21,7,NC,69,32,36,1,0.471
2026-06-21,8,롯데,70,29,39,2,0.426
2026-06-21,9,SSG,71,29,40,2,0.42
2026-06-21,10,키움,73,26,46,1,0.361
2026-06-22,1,LG,71,45,26,0,0.634
2026-06-22,2,KT,70,41,28,1,0.594
2026-06-22,3,삼성,70,40,28,2,0.588
2026-06-22,4,KIA,72,38,33,1,0.535
2026-06-22,5,두산,72,34,36,2,0.486
2026-06-22,6,한화,70,33,35,2,0.485
2026-06-22,7,NC,69,32,36,1,0.471
2026-06-22,8,롯데,70,29,39,2,0.426
2026-06-22,9,SSG,71,29,40,2,0.42
2026-06-22,10,키움,73,26,46,1,0.361
2026-06-23,1,LG,72,46,26,0,0.639
2026-06-23,2,KT,71,42,28,1,0.6
2026-06-23,3,삼성,71,40,29,2,0.58
2026-06-23,4,KIA,73,39,33,1,0.542
2026-06-23,5,한화,71,34,35,2,0.493
2026-06-23,6,두산,73,34,37,2,0.479
2026-06-23,7,NC,70,32,37,1,0.464
2026-06-23,8,롯데,71,30,39,2,0.435
2026-06-23,9,SSG,72,29,41,2,0.414
2026-06-23,10,키움,74,26,47,1,0.356
2026-06-24,1,LG,73,47,26,0,0.644
2026-06-24,2,KT,72,42,29,1,0.592
2026-06-24,3,삼성,72,40,30,2,0.571
2026-06-24,4,KIA,74,40,33,1,0.548
2026-06-24,5,두산,74,35,37,2,0.486
2026-06-24,6,한화,72,34,36,2,0.486
2026-06-24,7,NC,71,32,38,1,0.457
2026-06-24,8,롯데,72,31,39,2,0.443
2026-06-24,9,SSG,73,30,41,2,0.423
2026-06-24,10,키움,75,26,48,1,0.351
2026-06-25,1,LG,74,47,27,0,0.635
2026-06-25,2,KT,73,43,29,1,0.597
2026-06-25,3,삼성,73,41,30,2,0.577
2026-06-25,4,KIA,75,41,33,1,0.554
2026-06-25,5,두산,75,36,37,2,0.493
2026-06-25,6,한화,73,34,37,2,0.479
2026-06-25,7,NC,72,33,38,1,0.465
2026-06-25,8,롯데,73,31,40,2,0.437
2026-06-25,9,SSG,74,30,42,2,0.417
2026-06-25,10,키움,76,26,49,1,0.347
2026-06-26,1,LG,75,47,28,0,0.627
2026-06-26,2,KT,74,43,30,1,0.589
2026-06-26,3,삼성,74,42,30,2,0.583
2026-06-26,4,KIA,76,41,34,1,0.547
2026-06-26,5,두산,76,37,37,2,0.5
2026-06-26,6,한화,74,35,37,2,0.486
2026-06-26,7,NC,73,34,38,1,0.472
2026-06-26,8,롯데,74,32,40,2,0.444
2026-06-26,9,SSG,75,30,43,2,0.411
2026-06-26,10,키움,77,26,50,1,0.342
2026-06-27,1,LG,76,48,28,0,0.632
2026-06-27,2,삼성,75,43,30,2,0.589
2026-06-27,3,KT,75,43,31,1,0.581
2026-06-27,4,KIA,77,41,35,1,0.539
2026-06-27,5,두산,77,38,37,2,0.507
2026-06-27,6,한화,75,36,37,2,0.493
2026-06-27,7,NC,74,34,39,1,0.466
2026-06-27,8,롯데,75,32,41,2,0.438
2026-06-27,9,SSG,76,30,44,2,0.405
2026-06-27,10,키움,78,27,50,1,0.351
2026-06-28,1,LG,77,48,29,0,0.623
2026-06-28,2,삼성,76,44,30,2,0.595
2026-06-28,3,KT,76,43,32,1,0.573
2026-06-28,4,KIA,78,42,35,1,0.545
2026-06-28,5,한화,76,37,37,2,0.5
2026-06-28,5,두산,78,38,38,2,0.5
2026-06-28,7,NC,75,35,39,1,0.473
2026-06-28,8,롯데,76,33,41,2,0.446
2026-06-28,9,SSG,77,30,45,2,0.4
2026-06-28,10,키움,79,27,51,1,0.346
2026-06-29,1,LG,77,48,29,0,0.623
2026-06-29,2,삼성,76,44,30,2,0.595
2026-06-29,3,KT,76,43,32,1,0.573
2026-06-29,4,KIA,78,42,35,1,0.545
2026-06-29,5,한화,76,37,37,2,0.5
2026-06-29,5,두산,78,38,38,2,0.5
2026-06-29,7,NC,75,35,39,1,0.473
2026-06-29,8,롯데,76,33,41,2,0.446
2026-06-29,9,SSG,77,30,45,2,0.4
2026-06-29,10,키움,79,27,51,1,0.346
2026-06-30,1,LG,78,48,30,0,0.615
2026-06-30,2,삼성,77,45,30,2,0.6
2026-06-30,3,KT,76,43,32,1,0.573
2026-06-30,4,KIA,79,43,35,1,0.551
2026-06-30,5,두산,79,39,38,2,0.506
2026-06-30,6,한화,76,37,37,2,0.5
2026-06-30,7,NC,76,35,40,1,0.467
2026-06-30,8,롯데,77,33,42,2,0.44
2026-06-30,9,SSG,78,30,46,2,0.395
2026-06-30,10,키움,80,28,51,1,0.354
2026-07-01,1,LG,79,49,30,0,0.62
2026-07-01,2,삼성,78,45,31,2,0.592
2026-07-01,3,KT,77,44,32,1,0.579
2026-07-01,4,KIA,80,43,35,2,0.551
2026-07-01,5,두산,80,39,39,2,0.5
2026-07-01,6,한화,77,37,38,2,0.493
2026-07-01,7,NC,77,36,40,1,0.474
2026-07-01,8,롯데,78,34,42,2,0.447
2026-07-01,9,SSG,79,30,46,3,0.395
2026-07-01,10,키움,81,28,52,1,0.35
2026-07-02,1,LG,80,50,30,0,0.625
2026-07-02,2,삼성,79,46,31,2,0.597
2026-07-02,3,KT,78,44,33,1,0.571
2026-07-02,4,KIA,81,44,35,2,0.557
2026-07-02,5,두산,81,40,39,2,0.506
2026-07-02,6,한화,78,38,38,2,0.5
2026-07-02,7,NC,78,36,41,1,0.468
2026-07-02,8,롯데,79,34,43,2,0.442
2026-07-02,9,SSG,80,30,47,3,0.39
2026-07-02,10,키움,82,28,53,1,0.346
2026-07-03,1,LG,81,50,31,0,0.617
2026-07-03,2,삼성,80,47,31,2,0.603
2026-07-03,3,KT,79,44,34,1,0.564
2026-07-03,4,KIA,82,44,36,2,0.55
2026-07-03,5,한화,79,39,38,2,0.506
2026-07-03,6,두산,82,40,40,2,0.5
2026-07-03,7,NC,79,37,41,1,0.474
2026-07-03,8,롯데,80,35,43,2,0.449
2026-07-03,9,SSG,81,30,48,3,0.385
2026-07-03,10,키움,83,29,53,1,0.354
2026-07-04,1,LG,82,51,31,0,0.622
2026-07-04,2,삼성,81,48,31,2,0.608
2026-07-04,3,KT,80,44,35,1,0.557
2026-07-04,4,KIA,83,44,37,2,0.543
2026-07-04,5,두산,83,41,40,2,0.506
2026-07-04,6,한화,80,39,39,2,0.5
2026-07-04,7,NC,80,38,41,1,0.481
2026-07-04,8,롯데,81,36,43,2,0.456
2026-07-04,9,SSG,82,30,49,3,0.38
2026-07-04,10,키움,84,29,54,1,0.349
2026-07-05,1,LG,82,51,31,0,0.622
2026-07-05,2,삼성,82,49,31,2,0.613
2026-07-05,3,KT,81,45,35,1,0.563
2026-07-05,4,KIA,83,44,37,2,0.543
2026-07-05,5,두산,84,42,40,2,0.512
2026-07-05,6,한화,80,39,39,2,0.5
2026-07-05,7,NC,80,38,41,1,0.481
2026-07-05,8,롯데,82,36,44,2,0.45
2026-07-05,9,SSG,83,30,50,3,0.375
2026-07-05,10,키움,85,29,55,1,0.345
2026-07-06,1,LG,82,51,31,0,0.622
2026-07-06,2,삼성,82,49,31,2,0.613
2026-07-06,3,KT,81,45,35,1,0.563
2026-07-06,4,KIA,83,44,37,2,0.543
2026-07-06,5,두산,84,42,40,2,0.512
2026-07-06,6,한화,80,39,39,2,0.5
2026-07-06,7,NC,80,38,41,1,0.481
2026-07-06,8,롯데,82,36,44,2,0.45
2026-07-06,9,SSG,83,30,50,3,0.375
2026-07-06,10,키움,85,29,55,1,0.345
2026-07-07,1,삼성,83,50,31,2,0.617
2026-07-07,2,LG,83,51,32,0,0.614
2026-07-07,3,KT,82,46,35,1,0.568
2026-07-07,4,KIA,84,44,38,2,0.537
2026-07-07,5,두산,85,42,41,2,0.506
2026-07-07,6,한화,81,39,40,2,0.494
2026-07-07,7,NC,81,39,41,1,0.488
2026-07-07,8,롯데,83,37,44,2,0.457
2026-07-07,9,SSG,84,31,50,3,0.383
2026-07-07,10,키움,86,29,56,1,0.341
2026-07-08,1,LG,84,52,32,0,0.619
2026-07-08,2,삼성,84,50,32,2,0.61
2026-07-08,3,KT,83,47,35,1,0.573
2026-07-08,4,KIA,85,44,39,2,0.53
2026-07-08,5,두산,86,43,41,2,0.512
2026-07-08,6,한화,81,39,40,2,0.494
2026-07-08,7,NC,81,39,41,1,0.488
2026-07-08,8,롯데,84,38,44,2,0.463
2026-07-08,9,SSG,85,31,51,3,0.378
2026-07-08,10,키움,87,29,57,1,0.337
2026-07-09,1,삼성,85,51,32,2,0.614
2026-07-09,2,LG,85,52,33,0,0.612
2026-07-09,3,KT,83,47,35,1,0.573
2026-07-09,4,KIA,86,45,39,2,0.536
2026-07-09,5,두산,87,44,41,2,0.518
2026-07-09,6,한화,82,40,40,2,0.5
2026-07-09,7,NC,82,39,42,1,0.481
2026-07-09,8,롯데,85,38,45,2,0.458
2026-07-09,9,SSG,86,31,52,3,0.373
2026-07-09,10,키움,87,29,57,1,0.337
2026-07-10,1,삼성,85,51,32,2,0.614
2026-07-10,2,LG,85,52,33,0,0.612
2026-07-10,3,KT,83,47,35,1,0.573
2026-07-10,4,KIA,86,45,39,2,0.536
2026-07-10,5,두산,87,44,41,2,0.518
2026-07-10,6,한화,82,40,40,2,0.5
2026-07-10,7,NC,82,39,42,1,0.481
2026-07-10,8,롯데,85,38,45,2,0.458
2026-07-10,9,SSG,86,31,52,3,0.373
2026-07-10,10,키움,87,29,57,1,0.337
2026-07-11,1,삼성,85,51,32,2,0.614
2026-07-11,2,LG,85,52,33,0,0.612
2026-07-11,3,KT,83,47,35,1,0.573
2026-07-11,4,KIA,86,45,39,2,0.536
2026-07-11,5,두산,87,44,41,2,0.518
2026-07-11,6,한화,82,40,40,2,0.5
2026-07-11,7,NC,82,39,42,1,0.481
2026-07-11,8,롯데,85,38,45,2,0.458
2026-07-11,9,SSG,86,31,52,3,0.373
2026-07-11,10,키움,87,29,57,1,0.337
2026-07-12,1,삼성,85,51,32,2,0.614
2026-07-12,2,LG,85,52,33,0,0.612
2026-07-12,3,KT,83,47,35,1,0.573
2026-07-12,4,KIA,86,45,39,2,0.536
2026-07-12,5,두산,87,44,41,2,0.518
2026-07-12,6,한화,82,40,40,2,0.5
2026-07-12,7,NC,82,39,42,1,0.481
2026-07-12,8,롯데,85,38,45,2,0.458
2026-07-12,9,SSG,86,31,52,3,0.373
2026-07-12,10,키움,87,29,57,1,0.337
2026-07-13,1,삼성,85,51,32,2,0.614
2026-07-13,2,LG,85,52,33,0,0.612
2026-07-13,3,KT,83,47,35,1,0.573
2026-07-13,4,KIA,86,45,39,2,0.536
2026-07-13,5,두산,87,44,41,2,0.518
2026-07-13,6,한화,82,40,40,2,0.5
2026-07-13,7,NC,82,39,42,1,0.481
2026-07-13,8,롯데,85,38,45,2,0.458
2026-07-13,9,SSG,86,31,52,3,0.373
2026-07-13,10,키움,87,29,57,1,0.337
2026-07-14,1,삼성,85,51,32,2,0.614
2026-07-14,2,LG,85,52,33,0,0.612
2026-07-14,3,KT,83,47,35,1,0.573
2026-07-14,4,KIA,86,45,39,2,0.536
2026-07-14,5,두산,87,44,41,2,0.518
2026-07-14,6,한화,82,40,40,2,0.5
2026-07-14,7,NC,82,39,42,1,0.481
2026-07-14,8,롯데,85,38,45,2,0.458
2026-07-14,9,SSG,86,31,52,3,0.373
2026-07-14,10,키움,87,29,57,1,0.337
2026-07-15,1,삼성,85,51,32,2,0.614
2026-07-15,2,LG,85,52,33,0,0.612
2026-07-15,3,KT,83,47,35,1,0.573
2026-07-15,4,KIA,86,45,39,2,0.536
2026-07-15,5,두산,87,44,41,2,0.518
2026-07-15,6,한화,82,40,40,2,0.5
2026-07-15,7,NC,82,39,42,1,0.481
2026-07-15,8,롯데,85,38,45,2,0.458
2026-07-15,9,SSG,86,31,52,3,0.373
2026-07-15,10,키움,87,29,57,1,0.337
2026-07-16,1,삼성,86,52,32,2,0.619
2026-07-16,2,LG,86,52,34,0,0.605
2026-07-16,3,KT,84,48,35,1,0.578
2026-07-16,4,KIA,87,45,40,2,0.529
2026-07-16,5,두산,88,44,42,2,0.512
2026-07-16,6,한화,83,40,41,2,0.494
2026-07-16,7,NC,83,40,42,1,0.488
2026-07-16,8,롯데,86,38,46,2,0.452
2026-07-16,9,SSG,87,32,52,3,0.381
2026-07-16,10,키움,88,30,57,1,0.345
2026-07-17,1,삼성,86,52,32,2,0.619
2026-07-17,2,LG,87,52,35,0,0.598
2026-07-17,3,KT,85,49,35,1,0.583
2026-07-17,4,KIA,88,46,40,2,0.535
2026-07-17,5,두산,89,45,42,2,0.517
2026-07-17,6,한화,84,40,42,2,0.488
2026-07-17,7,NC,84,40,43,1,0.482
2026-07-17,8,롯데,86,38,46,2,0.452
2026-07-17,9,SSG,88,32,53,3,0.376
2026-07-17,10,키움,89,31,57,1,0.352
2026-07-18,1,삼성,86,52,32,2,0.619
2026-07-18,2,LG,87,52,35,0,0.598
2026-07-18,3,KT,85,49,35,1,0.583
2026-07-18,4,KIA,88,46,40,2,0.535
2026-07-18,5,두산,89,45,42,2,0.517
2026-07-18,6,한화,84,40,42,2,0.488
2026-07-18,7,NC,84,40,43,1,0.482
2026-07-18,8,롯데,86,38,46,2,0.452
2026-07-18,9,SSG,88,32,53,3,0.376
2026-07-18,10,키움,89,31,57,1,0.352
2026-07-19,1,삼성,86,52,32,2,0.619
2026-07-19,2,LG,87,52,35,0,0.598
2026-07-19,3,KT,85,49,35,1,0.583
2026-07-19,4,KIA,88,46,40,2,0.535
2026-07-19,5,두산,89,45,42,2,0.517
2026-07-19,6,한화,84,40,42,2,0.488
2026-07-19,7,NC,84,40,43,1,0.482
2026-07-19,8,롯데,86,38,46,2,0.452
2026-07-19,9,SSG,88,32,53,3,0.376
2026-07-19,10,키움,89,31,57,1,0.352
2026-07-20,1,삼성,88,53,33,2,0.616
2026-07-20,2,KT,87,51,35,1,0.593
2026-07-20,3,LG,89,52,37,0,0.584
2026-07-20,4,KIA,90,48,40,2,0.545
2026-07-20,5,두산,91,47,42,2,0.528
2026-07-20,6,한화,86,40,43,3,0.482
2026-07-20,7,NC,86,40,45,1,0.471
2026-07-20,8,롯데,88,39,47,2,0.453
2026-07-20,9,SSG,90,32,55,3,0.368
2026-07-20,10,키움,91,32,57,2,0.360
2026-07-21,1,삼성,88,53,33,2,0.616
2026-07-21,2,KT,87,51,35,1,0.593
2026-07-21,3,LG,89,52,37,0,0.584
2026-07-21,4,KIA,90,48,40,2,0.545
2026-07-21,5,두산,91,47,42,2,0.528
2026-07-21,6,한화,86,40,43,3,0.482
2026-07-21,7,NC,86,40,45,1,0.471
2026-07-21,8,롯데,88,39,47,2,0.453
2026-07-21,9,SSG,90,32,55,3,0.368
2026-07-21,10,키움,91,32,57,2,0.360
2026-07-22,1,삼성,89,54,33,2,0.621
2026-07-22,2,KT,88,51,35,2,0.593
2026-07-22,3,LG,90,52,38,0,0.578
2026-07-22,4,KIA,91,49,40,2,0.551
2026-07-22,5,두산,92,47,42,3,0.528
2026-07-22,6,NC,87,41,45,1,0.477
2026-07-22,7,한화,87,40,44,3,0.476
2026-07-22,8,롯데,89,40,47,2,0.460
2026-07-22,9,SSG,91,32,56,3,0.364
2026-07-22,10,키움,92,32,58,2,0.356
2026-07-23,1,삼성,90,54,34,2,0.614
2026-07-23,2,KT,88,51,35,2,0.593
2026-07-23,3,LG,90,52,38,0,0.578
2026-07-23,4,KIA,92,49,41,2,0.544
2026-07-23,5,두산,92,47,42,3,0.528
2026-07-23,6,한화,88,41,44,3,0.482
2026-07-23,7,NC,87,41,45,1,0.477
2026-07-23,8,롯데,90,40,48,2,0.455
2026-07-23,9,SSG,92,33,56,3,0.371
2026-07-23,10,키움,93,33,58,2,0.363
2026-07-24,1,삼성,91,55,34,2,0.618
2026-07-24,2,KT,88,51,35,2,0.593
2026-07-24,3,LG,91,52,39,0,0.571
2026-07-24,4,KIA,93,49,42,2,0.538
2026-07-24,5,두산,92,47,42,3,0.528
2026-07-24,6,한화,89,42,44,3,0.488
2026-07-24,7,NC,88,42,45,1,0.483
2026-07-24,8,롯데,91,40,49,2,0.449
2026-07-24,9,SSG,93,34,56,3,0.378
2026-07-24,10,키움,94,33,59,2,0.359
2026-07-25,1,삼성,92,56,34,2,0.622
2026-07-25,2,KT,89,52,35,2,0.598
2026-07-25,3,LG,92,52,40,0,0.565
2026-07-25,4,KIA,94,49,43,2,0.533
2026-07-25,5,두산,93,47,43,3,0.522
2026-07-25,6,한화,90,43,44,3,0.494
2026-07-25,7,NC,89,42,46,1,0.477
2026-07-25,8,롯데,92,40,50,2,0.444
2026-07-25,9,SSG,94,35,56,3,0.385
2026-07-25,10,키움,95,34,59,2,0.366
2026-07-26,1,삼성,93,57,34,2,0.626
2026-07-26,2,KT,90,53,35,2,0.602
2026-07-26,3,LG,93,53,40,0,0.570
2026-07-26,4,KIA,95,50,43,2,0.538
2026-07-26,5,두산,94,47,44,3,0.516
2026-07-26,6,한화,91,43,45,3,0.489
2026-07-26,7,NC,90,42,47,1,0.472
2026-07-26,8,롯데,93,40,51,2,0.440
2026-07-26,9,SSG,95,36,56,3,0.391
2026-07-26,10,키움,96,34,60,2,0.362
2026-07-27,1,삼성,94,57,35,2,0.620
2026-07-27,2,KT,91,53,36,2,0.596
2026-07-27,3,LG,94,53,41,0,0.564
2026-07-27,4,KIA,96,50,44,2,0.532
2026-07-27,5,두산,95,48,44,3,0.522
2026-07-27,6,한화,92,44,45,3,0.494
2026-07-27,7,NC,91,42,47,2,0.472
2026-07-27,8,롯데,94,41,51,2,0.446
2026-07-27,9,SSG,96,36,56,4,0.391
2026-07-27,10,키움,97,35,60,2,0.368
